LO,Code
Aasa,19
ACEMA,8
Aforti,9
AgroCredit,14
Akulaku,69
Alexcredit,76
AlfaKredyt,50
Capital Service,22
Capitalia,3
CashCredit,29
Cashwagon,62
Creamfinance,4
Credissimo,42
Creditstar,11
Creditter,92
Credius,58
DanaRupiah,93
Debifo,6
DelfinGroup,101
Dineo Credito,67
Dinerito,87
Dozarplati,47
Dziesiatka Finanse,77
E Cash,81
EcoFinance,32
ESTO,79
Eurocent,20
Everest Finanse,80
Evergreen Finance,85
ExpressCredit,44
Extra Finance,17
Finclusion,107
Finko,91
Fireof,54
GetBucks,26
GFM,96
Hipocredit,1
ID Finance,23
IDF EURASIA,102
IuteCredit,25
JULO,98
Kredit Pintar,72
Kredit24,37
Kviku,46
LF TECH,61
Lime Zaim,53
Mikro Kapital,71
Mogo,2
Monego,68
Mozipo Group,21
Novaloans,70
Peachy,65
Pinjam Yuk,99
Placet Group,52
Podemos Progresar,108
Rapicredit,40
Rapido Finance,30
Revo Technology,105
SOS Credit,75
Stik Credit,83
Sun Finance,78
Swiss Capital KZ,104
TASCredit,97
Watu Credit,31
Wowwo,88
Zenka,82
